{
  "jaccard": {
    "rho_p1": {
      "rho": -0.3368906343379152,
      "n": 52
    },
    "rho_trap": {
      "rho": -0.1493212669683257,
      "n": 52
    },
    "rho_opt_t": {
      "rho": -0.29223939212840433,
      "n": 52
    }
  },
  "log_mag_ratio": {
    "rho_p1": {
      "rho": 0.3782689572163256,
      "n": 38
    },
    "rho_trap": {
      "rho": -0.10187110187110182,
      "n": 38
    },
    "rho_opt_t": {
      "rho": 0.1528613633876792,
      "n": 38
    }
  },
  "d_exp": {
    "rho_p1": {
      "rho": -0.3797313797313797,
      "n": 27
    },
    "rho_trap": {
      "rho": -0.050061050061050105,
      "n": 27
    },
    "rho_opt_t": {
      "rho": -0.3363858363858363,
      "n": 27
    }
  },
  "alg_distance": {
    "rho_p1": {
      "rho": 0.19999999999999996,
      "n": 10
    },
    "rho_trap": {
      "rho": -0.11515151515151523,
      "n": 10
    },
    "rho_opt_t": {
      "rho": -0.042424242424242475,
      "n": 10
    }
  }
}