{
  "jaccard": {
    "mean": 0.26283468583465613,
    "std": 0.1904427472720741,
    "n": 52
  },
  "len_ratio": {
    "mean": 1.7418841946218135,
    "std": 0.7816021540605759,
    "n": 52
  },
  "mag_ratio": {
    "mean": 526779.5451754386,
    "std": 3244351.563142889,
    "n": 38
  },
  "d_exp": {
    "mean": -0.2583333333333333,
    "std": 0.5571017131912086,
    "n": 24
  },
  "distance_distribution": {
    "Near": 14,
    "Same": 4,
    "Far": 21,
    "Unknown": 13
  },
  "distance_coverage_rate": 0.75
}