{
  "gpt-4o-mini": {
    "Same": {
      "n": 4,
      "src_p1": 75.0,
      "shf_p1": 25.0,
      "delta_pp": -50.0
    },
    "Near": {
      "n": 14,
      "src_p1": 100.0,
      "shf_p1": 71.42857142857143,
      "delta_pp": -28.57142857142857
    },
    "Far": {
      "n": 21,
      "src_p1": 90.47619047619048,
      "shf_p1": 57.14285714285714,
      "delta_pp": -33.33333333333334
    }
  },
  "gpt-4o": {
    "Same": {
      "n": 4,
      "src_p1": 50.0,
      "shf_p1": 50.0,
      "delta_pp": 0.0
    },
    "Near": {
      "n": 14,
      "src_p1": 78.57142857142857,
      "shf_p1": 78.57142857142857,
      "delta_pp": 0.0
    },
    "Far": {
      "n": 21,
      "src_p1": 80.95238095238095,
      "shf_p1": 71.42857142857143,
      "delta_pp": -9.523809523809518
    }
  },
  "claude-haiku-4-5": {
    "Same": {
      "n": 4,
      "src_p1": 100.0,
      "shf_p1": 75.0,
      "delta_pp": -25.0
    },
    "Near": {
      "n": 14,
      "src_p1": 100.0,
      "shf_p1": 85.71428571428571,
      "delta_pp": -14.285714285714292
    },
    "Far": {
      "n": 21,
      "src_p1": 80.95238095238095,
      "shf_p1": 76.19047619047619,
      "delta_pp": -4.761904761904759
    }
  },
  "gemini-2.5-flash": {
    "Same": {
      "n": 4,
      "src_p1": 25.0,
      "shf_p1": 0.0,
      "delta_pp": -25.0
    },
    "Near": {
      "n": 11,
      "src_p1": 36.36363636363637,
      "shf_p1": 36.36363636363637,
      "delta_pp": 0.0
    },
    "Far": {
      "n": 19,
      "src_p1": 31.57894736842105,
      "shf_p1": 47.368421052631575,
      "delta_pp": 15.789473684210524
    }
  },
  "gpt-5.4": {
    "Same": {
      "n": 4,
      "src_p1": 100.0,
      "shf_p1": 75.0,
      "delta_pp": -25.0
    },
    "Near": {
      "n": 14,
      "src_p1": 100.0,
      "shf_p1": 85.71428571428571,
      "delta_pp": -14.285714285714292
    },
    "Far": {
      "n": 21,
      "src_p1": 95.23809523809523,
      "shf_p1": 80.95238095238095,
      "delta_pp": -14.285714285714278
    }
  },
  "claude-opus-4-5": {
    "Same": {
      "n": 4,
      "src_p1": 75.0,
      "shf_p1": 100.0,
      "delta_pp": 25.0
    },
    "Near": {
      "n": 14,
      "src_p1": 100.0,
      "shf_p1": 85.71428571428571,
      "delta_pp": -14.285714285714292
    },
    "Far": {
      "n": 21,
      "src_p1": 85.71428571428571,
      "shf_p1": 76.19047619047619,
      "delta_pp": -9.523809523809518
    }
  }
}